Item,Count
Science,326
Multidisciplinary,298
Engineering,292
Chemistry,234
Medicine,187
Physics,158
Environmental,144
Energy,127
Materials,126
Computer,112
Molecular,108
Management,101
Health,98
Technology,96
Biochemistry,93
Biology,88
Astronomy,85
Chemical,67
Renewable,63
Sustainability,63
Genetics,63
the,63
Environment,63
Infectious,60
Diseases,60
Veterinary,59
Sciences,57
Communications,56
Networks,56
Nuclear,54
Policy,52
Public,51
Occupational,50
Pharmacology,50
of,49
Organic,49
Physical,47
Applications,47
Electronic,47
Immunology,47
Microbiology,46
Condensed,44
Structural,44
Matter,44
Development,43
Power,42
Food,42
Theoretical,40
Mechanics,40
Plastics,39
Polymers,39
Pollution,39
Planetary,37
Electrical,36
Ecology,36
Mechanical,36
High,36
Geography,36
Planning,36
Software,36
Recognition,36
Pattern,36
Vision,36
Behavior,36
Waste,35
Disposal,35
Systems,35
Analytical,33
Civil,33
Plant,32
Law,32
Systematics,32
Evolution,32
Biotechnology,31
Dentistry,31
Human-Computer,30
Interaction,30
Oncology,30
Economics,30
Monitoring,30
Econometrics,30
Aquatic,29
Industrial,29
Construction,29
Manufacturing,29
Building,29
Process,28
Research,28
Pharmaceutical,26
Surgery,26
Information,25
Intelligence,25
Artificial,25
Sports,25
Allergy,25
Biological,24
Architecture,24
Fuel,23
Toxicology,23
Safety,22
Mathematics,22
Catalysis,22
Spectroscopy,22
Optical,21
Magnetic,21
Drug,21
Discovery,21
Orthopedics,20
Cell,20
Surfaces,20
Applied,20
Zoology,19
Psychiatry,19
Cardiovascular,19
Animal,19
Bioengineering,19
Cancer,19
Cardiology,19
Education,19
Neurology,19
Geology,19
Earth,19
Business,18
Strategy,18
Quality,17
Risk,17
Films,17
Biomedical,17
Reliability,17
Coatings,17
Endocrinology,17
Radiology,16
Imaging,16
Agricultural,16
Mental,16
Hematology,16
Control,16
Neuroscience,15
Virology,15
Gastroenterology,15
Social,15
Mutagenesis,15
Parasitology,14
Dietetics,14
Finance,14
Care,14
Nutrition,14
Alternative,14
Complementary,14
Hardware,14
Geotechnical,14
Diabetes,13
International,13
Metabolism,13
Agronomy,13
Critical,13
Intensive,13
Crop,13
Instrumentation,13
Inorganic,13
Space,12
Astrophysics,12
Dermatology,12
Biophysics,12
Studies,12
Pathology,11
Forensic,11
Probability,11
Nephrology,11
Biomaterials,11
Statistics,11
Hepatology,11
Nursing,10
Pediatrics,10
Epidemiology,10
Perinatology,10
Child,10
Political,10
Metals,10
Interfaces,10
Uncertainty,10
Water,10
Accounting,10
Alloys,10
Psychology,9
Modeling,9
Rehabilitation,9
Cellular,9
Design,9
Processes,9
Optics,9
Atomic,9
Obstetrics,9
Graphics,9
Computer-Aided,9
Gynecology,9
Ophthalmology,8
Fluid,8
Clinical,8
Transfer,8
Simulation,8
Physiology,8
History,8
Electrochemistry,8
Insect,8
Internal,8
Flow,8
Optimization,7
Surface,7
Colloid,7
Arts,7
Horticulture,7
Urban,7
Sociology,7
Innovation,7
Library,7
Therapy,7
Forestry,7
Theory,6
Pharmaceutics,6
Urology,6
Transportation,6
Change,6
Global,6
Oceanography,6
Filtration,5
Animals,5
Developmental,5
Otorhinolaryngology,5
Humanities,5
Ceramics,5
Composites,5
Transplantation,5
Reproductive,5
Separation,5
Conservation,4
Nature,4
Lscape,4
Pain,4
Anesthesiology,4
Linguistics,4
Pharmacy,4
Ocean,4
Language,4
Marketing,4
Geriatrics,4
Gerontology,4
Processing,4
Signal,4
Organizational,4
Resource,4
Human,4
Histology,4
Relations,3
Paleontology,3
Informatics,3
Media,3
Advanced,3
Computational,3
Analysis,3
Operations,3
Anatomy,3
Rheumatology,3
Communication,3
Specialized,3
Number,3
Oral,3
Algebra,3
Medical,3
Geochemistry,3
Religious,3
Philosophy,3
Petrology,3
Decision,3
Soil,2
Cultural,2
Performing,2
Anthropology,2
Logic,2
Small,2
Emergency,2
Geophysics,2
Automotive,2
Surgical,2
Mathematical,2
Music,2
Visual,2
Sensory,2
Literature,2
Tourism,2
Behavioral,2
Leisure,2
Ultrasound,2
Radiation,2
Hospitality,2
Radiological,2
Literary,2
Life-span,1
Ultrasonics,1
Geometry,1
Topology,1
Assessment,1
Laboratory,1
Diagnosis,1
Statistical,1
Gender,1
Psychiatric,1
Numerical,1
Autonomic,1
Endocrine,1
Archeology,1
Acoustics,1
Community,1
Nonlinear,1
Home,1
Life-course,1
Hygiene,1
Dental,1
Aging,1
Atmospheric,1
Earth-Surface,1
Orthodontics,1
Administration,1
Cognitive,1
Ecological,1
Professions,1
Aerospace,1
Equine,1
